date,cash_inflow,cash_outflow,net_cash_flow,rbi_repo_rate,usd_inr,cpi_index
2021-04-01,854846,1265318,-410472,4.0,74.82,114.61
2021-04-02,710040,1260981,-550941,4.0,73.02,115.21
2021-04-03,0,0,0,4.0,75.72,114.72
2021-04-04,0,0,0,4.0,73.53,115.35
2021-04-05,815785,1142310,-326525,4.0,73.45,114.72
2021-04-06,721767,1207395,-485628,4.0,75.41,115.1
2021-04-07,792436,1237127,-444691,4.0,74.29,115.21
2021-04-08,825698,1261597,-435899,4.0,74.62,115.22
2021-04-09,894320,1207629,-313309,4.0,75.28,115.54
2021-04-10,0,0,0,4.0,74.91,114.89
2021-04-11,0,0,0,4.0,75.06,115.33
2021-04-12,990405,1378609,-388204,4.0,74.57,115.03
2021-04-13,925803,1286542,-360739,4.0,74.74,114.98
2021-04-14,991372,1310253,-318881,4.0,75.79,115.38
2021-04-15,868535,1247546,-379011,4.0,75.22,115.02
2021-04-16,782067,1144427,-362360,4.0,75.55,114.84
2021-04-17,0,0,0,4.0,75.81,115.47
2021-04-18,0,0,0,4.0,76.64,114.94
2021-04-19,1031037,1185771,-154734,4.0,78.02,115.4
2021-04-20,959605,1096278,-136673,4.0,77.41,115.11
2021-04-21,1022980,1142367,-119387,4.0,76.49,115.24
2021-04-22,1053693,1087207,-33514,4.0,76.95,114.96
2021-04-23,906440,1145316,-238876,4.0,77.67,114.87
2021-04-24,0,0,0,4.0,77.1,114.89
2021-04-25,0,0,0,4.0,77.55,115.15
2021-04-26,1321391,961517,359874,4.0,76.66,115.16
2021-04-27,1346796,1299246,47550,4.0,77.2,114.2
2021-04-28,1397799,1184261,213538,4.0,77.57,114.56
2021-04-29,1187293,1156377,30916,4.0,77.34,115.28
2021-04-30,1298071,1193086,104985,4.0,77.96,115.28
2021-05-01,0,0,0,4.0,78.27,114.89
2021-05-02,0,0,0,4.0,78.35,115.27
2021-05-03,1459367,1462860,-3493,4.0,78.15,115.06
2021-05-04,967835,1366131,-398296,4.0,78.4,115.18
2021-05-05,1221816,1470017,-248201,4.0,76.51,115.66
2021-05-06,1482140,1592577,-110437,4.0,78.86,114.6
2021-05-07,1193549,1474440,-280891,4.0,78.47,115.03
2021-05-08,0,0,0,4.0,79.25,115.65
2021-05-09,0,0,0,4.0,78.35,115.23
2021-05-10,1577940,1470608,107332,4.0,80.57,115.38
2021-05-11,1590842,1544397,46445,4.0,81.02,115.38
2021-05-12,1385770,1318487,67283,4.0,79.64,115.65
2021-05-13,1187240,1383404,-196164,4.0,79.62,115.21
2021-05-14,1496155,1425723,70432,4.0,79.66,114.54
2021-05-15,0,0,0,4.0,80.02,114.41
2021-05-16,0,0,0,4.0,78.74,115.57
2021-05-17,1558609,1432192,126417,4.0,79.47,115.57
2021-05-18,1724186,1196942,527244,4.0,78.95,115.27
2021-05-19,1593983,1237730,356253,4.0,79.07,114.94
2021-05-20,1246050,1285060,-39010,4.0,79.06,115.43
2021-05-21,1156205,1298664,-142459,4.0,79.29,115.35
2021-05-22,0,0,0,4.0,80.71,115.73
2021-05-23,0,0,0,4.0,79.44,114.8
2021-05-24,2112229,1486978,625251,4.0,80.22,114.8
2021-05-25,2044585,1410703,633882,4.0,81.15,115.22
2021-05-26,1713487,1366854,346633,4.0,80.74,115.88
2021-05-27,2083955,1401846,682109,4.0,80.37,115.69
2021-05-28,2192492,1385698,806794,4.0,80.11,115.47
2021-05-29,0,0,0,4.0,80.75,114.91
2021-05-30,0,0,0,4.0,80.1,115.58
2021-05-31,2090056,1507385,582671,4.0,80.59,116.08
2021-06-01,1884275,1581914,302361,4.0,82.2,115.5
2021-06-02,1616537,1531021,85516,4.0,80.9,115.78
2021-06-03,1719673,1583770,135903,4.0,81.07,116.16
2021-06-04,1907396,1642858,264538,4.0,82.33,114.98
2021-06-05,0,0,0,4.0,81.35,115.88
2021-06-06,0,0,0,4.0,80.71,115.52
2021-06-07,1994976,1670747,324229,4.0,80.87,115.41
2021-06-08,1884338,1869732,14606,4.0,81.11,115.41
2021-06-09,1937350,1374499,562851,4.0,82.02,116.75
2021-06-10,1797210,1794214,2996,4.0,81.47,116.1
2021-06-11,1668023,1567422,100601,4.0,81.06,115.66
2021-06-12,0,0,0,4.0,81.7,115.32
2021-06-13,0,0,0,4.0,81.7,115.7
2021-06-14,2233657,1573025,660632,4.0,82.09,114.85
2021-06-15,2273877,1524139,749738,4.0,82.7,115.91
2021-06-16,1999350,1575538,423812,4.0,81.85,115.22
2021-06-17,1992371,1575951,416420,4.0,81.66,115.31
2021-06-18,1802657,1492063,310594,4.0,82.1,115.6
2021-06-19,0,0,0,4.0,81.45,115.3
2021-06-20,0,0,0,4.0,81.95,115.31
2021-06-21,2289115,1350500,938615,4.0,81.58,115.93
2021-06-22,2302315,1293224,1009091,4.0,82.87,115.7
2021-06-23,2253091,1290404,962687,4.0,80.43,115.03
2021-06-24,2137270,1238457,898813,4.0,82.21,115.17
2021-06-25,2095130,2016317,78813,4.0,82.29,115.68
2021-06-26,0,0,0,4.0,81.95,115.49
2021-06-27,0,0,0,4.0,81.39,115.19
2021-06-28,2992699,2004213,988486,4.0,82.35,115.88
2021-06-29,2717989,2187151,530838,4.0,82.7,115.45
2021-06-30,2842366,2059706,782660,4.0,81.86,115.67
2021-07-01,2334063,1755438,578625,4.0,81.72,115.99
2021-07-02,1688851,1603328,85523,4.0,82.34,115.71
2021-07-03,0,0,0,4.0,82.65,116.37
2021-07-04,0,0,0,4.0,79.94,115.52
2021-07-05,2748264,1867329,880935,4.0,81.69,116.93
2021-07-06,2514343,1806807,707536,4.0,83.41,116.13
2021-07-07,2442736,1832770,609966,4.0,84.11,115.64
2021-07-08,2130030,1810399,319631,4.0,82.91,115.19
2021-07-09,2474270,1752106,722164,4.0,82.16,115.63
2021-07-10,0,0,0,4.0,82.83,115.64
2021-07-11,0,0,0,4.0,81.15,115.63
2021-07-12,3007635,1811680,1195955,4.0,81.92,115.97
2021-07-13,2860505,1671818,1188687,4.0,83.7,116.03
2021-07-14,2455342,1851199,604143,4.0,81.35,115.79
2021-07-15,2374893,1734122,640771,4.0,81.56,115.66
2021-07-16,2439103,1682618,756485,4.0,82.54,117.02
2021-07-17,0,0,0,4.0,81.98,115.33
2021-07-18,0,0,0,4.0,80.58,116.03
2021-07-19,2621589,1581855,1039734,4.0,80.82,116.46
2021-07-20,2735327,1732152,1003175,4.0,81.7,115.9
2021-07-21,2453339,1582996,870343,4.0,81.5,115.8
2021-07-22,2447616,1786684,660932,4.0,81.31,115.29
2021-07-23,2428501,1731496,697005,4.0,79.8,115.72
2021-07-24,0,0,0,4.0,82.07,115.92
2021-07-25,0,0,0,4.0,80.69,116.14
2021-07-26,3482814,1530889,1951925,4.0,82.48,115.54
2021-07-27,3546079,1685359,1860720,4.0,80.94,115.26
2021-07-28,3979328,1691500,2287828,4.0,80.34,116.04
2021-07-29,3666410,1719485,1946925,4.0,80.01,115.3
2021-07-30,3375259,1553708,1821551,4.0,80.08,116.13
2021-07-31,0,0,0,4.0,80.58,116.64
2021-08-01,0,0,0,4.0,79.52,116.58
2021-08-02,2443413,1835958,607455,4.0,81.27,115.88
2021-08-03,2389593,1859781,529812,4.0,81.82,116.47
2021-08-04,2588347,1829011,759336,4.0,79.92,116.01
2021-08-05,2736068,1699651,1036417,4.0,79.95,115.97
2021-08-06,2480377,1876651,603726,4.0,80.96,115.21
2021-08-07,0,0,0,4.0,78.66,116.51
2021-08-08,0,0,0,4.0,80.21,116.11
2021-08-09,2689963,1875815,814148,4.0,81.45,116.44
2021-08-10,2882693,1933383,949310,4.0,81.17,114.62
2021-08-11,2618681,1629854,988827,4.0,78.64,116.36
2021-08-12,2150292,1895465,254827,4.0,79.58,115.72
2021-08-13,2530033,1761367,768666,4.0,79.17,115.51
2021-08-14,0,0,0,4.0,78.98,116.52
2021-08-15,0,0,0,4.0,79.79,115.92
2021-08-16,2924177,1730182,1193995,4.0,80.28,115.89
2021-08-17,2637968,1533891,1104077,4.0,80.04,116.12
2021-08-18,2493482,1709945,783537,4.0,80.9,115.89
2021-08-19,2437418,1901614,535804,4.0,79.58,116.21
2021-08-20,2444237,1660225,784012,4.0,79.28,116.63
2021-08-21,0,0,0,4.0,78.59,115.96
2021-08-22,0,0,0,4.0,78.54,115.82
2021-08-23,2494568,1666065,828503,4.0,79.8,116.04
2021-08-24,3436363,1769472,1666891,4.0,78.29,115.95
2021-08-25,2438233,1723721,714512,4.0,78.56,116.02
2021-08-26,2858026,1698662,1159364,4.0,79.56,116.28
2021-08-27,3093444,1593425,1500019,4.0,78.93,115.65
2021-08-28,0,0,0,4.0,78.57,115.35
2021-08-29,0,0,0,4.0,79.37,115.8
2021-08-30,3532458,1781194,1751264,4.0,77.51,116.21
2021-08-31,3835169,1802587,2032582,4.0,78.38,116.46
2021-09-01,2186800,1785237,401563,4.0,77.89,116.66
2021-09-02,2289731,1900365,389366,4.0,76.44,116.66
2021-09-03,1793503,1651631,141872,4.0,78.53,115.85
2021-09-04,0,0,0,4.0,77.48,115.95
2021-09-05,0,0,0,4.0,77.27,116.31
2021-09-06,2596591,1880023,716568,4.0,78.18,116.0
2021-09-07,2022235,1779066,243169,4.0,77.59,116.87
2021-09-08,2487162,1787346,699816,4.0,76.47,116.05
2021-09-09,2304410,1670134,634276,4.0,77.09,116.17
2021-09-10,2236807,1506973,729834,4.0,76.53,116.02
2021-09-11,0,0,0,4.0,77.51,116.17
2021-09-12,0,0,0,4.0,77.34,116.16
2021-09-13,2508733,1514518,994215,4.0,78.77,116.84
2021-09-14,2126491,1562290,564201,4.0,76.39,116.37
2021-09-15,2188441,1525142,663299,4.0,75.0,116.26
2021-09-16,1950496,1801980,148516,4.0,75.95,115.83
2021-09-17,2621775,1610430,1011345,4.0,75.51,116.02
2021-09-18,0,0,0,4.0,75.25,115.44
2021-09-19,0,0,0,4.0,74.51,115.6
2021-09-20,2436772,1475311,961461,4.0,75.54,116.14
2021-09-21,2379378,1549833,829545,4.0,76.81,116.6
2021-09-22,2454832,1596369,858463,4.0,74.99,115.74
2021-09-23,2181566,1515874,665692,4.0,75.45,116.25
2021-09-24,2739915,1630104,1109811,4.0,73.93,117.18
2021-09-25,0,0,0,4.0,74.32,115.59
2021-09-26,0,0,0,4.0,74.11,117.25
2021-09-27,3075838,2296076,779762,4.0,74.09,116.31
2021-09-28,3112523,2331019,781504,4.0,73.91,116.12
2021-09-29,3148375,2323552,824823,4.0,73.4,115.67
2021-09-30,3074529,2563850,510679,4.0,74.3,116.12
2021-10-01,1804339,1597526,206813,4.0,73.05,116.55
2021-10-02,0,0,0,4.0,73.72,116.35
2021-10-03,0,0,0,4.0,74.11,116.24
2021-10-04,1989345,1602081,387264,4.0,74.48,116.21
2021-10-05,2273909,1501533,772376,4.0,72.0,116.79
2021-10-06,2069319,1602034,467285,4.0,72.29,115.72
2021-10-07,2158804,1499429,659375,4.0,72.85,116.11
2021-10-08,2461211,1521875,939336,4.0,73.64,116.58
2021-10-09,0,0,0,4.0,72.32,116.49
2021-10-10,0,0,0,4.0,73.67,116.3
2021-10-11,2125849,1572864,552985,4.0,72.0,116.19
2021-10-12,2095304,1581148,514156,4.0,73.13,116.61
2021-10-13,2247478,1478560,768918,4.0,73.98,117.05
2021-10-14,2099755,1422080,677675,4.0,72.28,116.31
2021-10-15,1673911,1483175,190736,4.0,72.22,116.44
2021-10-16,0,0,0,4.0,72.0,115.9
2021-10-17,0,0,0,4.0,72.0,115.97
2021-10-18,2534285,1522557,1011728,4.0,72.0,116.85
2021-10-19,2587431,1407829,1179602,4.0,72.0,115.98
2021-10-20,2626927,1570037,1056890,4.0,72.0,116.37
2021-10-21,2062093,1466309,595784,4.0,72.0,116.73
2021-10-22,1767989,1369150,398839,4.0,72.0,116.66
2021-10-23,0,0,0,4.0,72.11,116.41
2021-10-24,0,0,0,4.0,72.0,115.6
2021-10-25,2840467,1513512,1326955,4.0,72.0,116.7
2021-10-26,2541738,1455947,1085791,4.0,72.0,115.94
2021-10-27,2975357,1409883,1565474,4.0,72.0,116.46
2021-10-28,2862350,1402095,1460255,4.0,72.0,116.1
2021-10-29,2225583,1451353,774230,4.0,72.0,115.97
2021-10-30,0,0,0,4.0,72.0,116.92
2021-10-31,0,0,0,4.0,72.0,116.7
2021-11-01,1836485,1254583,581902,4.0,72.0,117.01
2021-11-02,1693480,1294845,398635,4.0,72.0,116.98
2021-11-03,1859195,1376530,482665,4.0,72.0,116.22
2021-11-04,1864313,1322825,541488,4.0,72.0,116.59
2021-11-05,1930795,1490603,440192,4.0,72.0,116.24
2021-11-06,0,0,0,4.0,72.0,116.13
2021-11-07,0,0,0,4.0,72.0,116.82
2021-11-08,1988037,1583170,404867,4.0,72.0,116.76
2021-11-09,1841785,1367741,474044,4.0,72.0,116.41
2021-11-10,1682403,1497497,184906,4.0,72.0,117.14
2021-11-11,1784499,1429944,354555,4.0,72.0,116.75
2021-11-12,1939135,1471644,467491,4.0,72.0,116.52
2021-11-13,0,0,0,4.0,72.0,116.62
2021-11-14,0,0,0,4.0,72.0,117.07
2021-11-15,1798844,1249768,549076,4.0,72.0,116.95
2021-11-16,1920387,1347671,572716,4.0,72.0,116.48
2021-11-17,1722909,1420688,302221,4.0,72.0,116.68
2021-11-18,1899421,1289005,610416,4.0,72.0,117.13
2021-11-19,1752944,1306931,446013,4.0,72.0,116.47
2021-11-20,0,0,0,4.0,72.0,116.49
2021-11-21,0,0,0,4.0,72.0,116.41
2021-11-22,2274448,1226395,1048053,4.0,72.0,116.64
2021-11-23,1669478,1229312,440166,4.0,72.0,117.17
2021-11-24,2186748,1111275,1075473,4.0,72.0,116.6
2021-11-25,1611413,1195562,415851,4.0,72.0,116.99
2021-11-26,1861264,1378089,483175,4.0,72.0,117.02
2021-11-27,0,0,0,4.0,72.0,116.74
2021-11-28,0,0,0,4.0,72.0,116.83
2021-11-29,2892834,1244664,1648170,4.0,72.0,117.45
2021-11-30,2400983,1438714,962269,4.0,72.0,116.1
2021-12-01,1669842,1083358,586484,4.0,72.0,116.53
2021-12-02,1705781,1305431,400350,4.0,72.0,116.99
2021-12-03,1553636,1141235,412401,4.0,72.0,116.57
2021-12-04,0,0,0,4.0,72.0,117.22
2021-12-05,0,0,0,4.0,72.0,116.38
2021-12-06,1788216,1181386,606830,4.0,72.0,116.66
2021-12-07,1508014,1060031,447983,4.0,72.0,116.99
2021-12-08,1603932,1280951,322981,4.0,72.0,116.46
2021-12-09,1352755,1195459,157296,4.0,72.0,116.5
2021-12-10,1432648,1268049,164599,4.0,72.0,116.3
2021-12-11,0,0,0,4.0,72.0,117.37
2021-12-12,0,0,0,4.0,72.0,116.08
2021-12-13,1587433,1301610,285823,4.0,72.0,116.54
2021-12-14,1598368,1142470,455898,4.0,72.0,117.0
2021-12-15,1594864,1106842,488022,4.0,72.0,117.45
2021-12-16,1499839,1140721,359118,4.0,72.0,116.47
2021-12-17,1501671,1138907,362764,4.0,72.0,117.58
2021-12-18,0,0,0,4.0,72.0,117.37
2021-12-19,0,0,0,4.0,72.0,117.45
2021-12-20,1672780,1012475,660305,4.0,72.0,117.14
2021-12-21,1435936,1094017,341919,4.0,72.0,116.62
2021-12-22,1624577,993038,631539,4.0,72.0,116.17
2021-12-23,1661745,992913,668832,4.0,72.0,116.9
2021-12-24,1638625,993101,645524,4.0,72.0,116.77
2021-12-25,0,0,0,4.0,72.0,116.43
2021-12-26,0,0,0,4.0,72.0,117.49
2021-12-27,2161867,1532134,629733,4.0,72.0,115.91
2021-12-28,2165915,1549485,616430,4.0,72.0,116.52
2021-12-29,2126154,1571193,554961,4.0,72.0,117.27
2021-12-30,1992667,1718052,274615,4.0,72.0,117.25
2021-12-31,2102692,1653098,449594,4.0,72.0,116.59
2022-01-01,0,0,0,4.0,72.0,117.39
2022-01-02,0,0,0,4.0,72.0,117.08
2022-01-03,1306252,1036391,269861,4.0,72.0,117.38
2022-01-04,1407805,1040243,367562,4.0,72.0,116.83
2022-01-05,1457718,1062426,395292,4.0,72.0,116.56
2022-01-06,1391511,1065422,326089,4.0,72.0,116.53
2022-01-07,1367414,1093010,274404,4.0,72.0,116.4
2022-01-08,0,0,0,4.0,72.0,117.0
2022-01-09,0,0,0,4.0,72.0,117.14
2022-01-10,1595539,1141816,453723,4.0,72.0,117.24
2022-01-11,1313270,1130041,183229,4.0,72.0,117.54
2022-01-12,1420526,1106615,313911,4.0,72.0,116.53
2022-01-13,1407551,984362,423189,4.0,72.0,117.37
2022-01-14,1428458,968380,460078,4.0,72.0,117.22
2022-01-15,0,0,0,4.0,72.0,117.22
2022-01-16,0,0,0,4.0,72.0,117.29
2022-01-17,1667209,1076758,590451,4.0,72.0,116.6
2022-01-18,1311307,950365,360942,4.0,72.0,117.68
2022-01-19,1300616,985700,314916,4.0,72.0,117.55
2022-01-20,1380309,940173,440136,4.0,72.0,116.77
2022-01-21,1513767,947391,566376,4.0,72.0,117.81
2022-01-22,0,0,0,4.0,72.0,117.95
2022-01-23,0,0,0,4.0,72.0,116.79
2022-01-24,1821723,935807,885916,4.0,72.0,117.6
2022-01-25,1737169,987144,750025,4.0,72.0,117.91
2022-01-26,1840791,992932,847859,4.0,72.0,117.34
2022-01-27,1891127,933690,957437,4.0,72.0,117.23
2022-01-28,1728795,1012150,716645,4.0,72.0,117.28
2022-01-29,0,0,0,4.0,72.0,117.15
2022-01-30,0,0,0,4.0,72.0,117.61
2022-01-31,2553226,1154350,1398876,4.0,72.0,116.45
2022-02-01,1191023,1097359,93664,4.0,72.0,117.66
2022-02-02,1443423,1078930,364493,4.0,72.0,117.56
2022-02-03,1232396,1023962,208434,4.0,72.0,117.69
2022-02-04,1350822,1157531,193291,4.0,72.0,117.16
2022-02-05,0,0,0,4.0,72.0,117.04
2022-02-06,0,0,0,4.0,72.0,117.48
2022-02-07,1405101,1147865,257236,4.0,72.0,117.59
2022-02-08,1379352,1242096,137256,4.0,72.0,117.41
2022-02-09,1340533,1037924,302609,4.0,72.0,118.02
2022-02-10,1221073,1137450,83623,4.0,72.0,117.23
2022-02-11,1215876,1110356,105520,4.0,72.0,117.39
2022-02-12,0,0,0,4.0,72.0,116.63
2022-02-13,0,0,0,4.0,72.0,117.53
2022-02-14,1460987,1209843,251144,4.0,72.0,117.58
2022-02-15,1617441,934409,683032,4.0,72.0,116.65
2022-02-16,1541672,930760,610912,4.0,72.0,117.61
2022-02-17,1611151,1004310,606841,4.0,72.0,117.07
2022-02-18,1291177,965566,325611,4.0,72.0,116.88
2022-02-19,0,0,0,4.0,72.0,117.99
2022-02-20,0,0,0,4.0,72.0,117.76
2022-02-21,1460683,934282,526401,4.0,72.0,117.54
2022-02-22,1600893,936539,664354,4.0,72.0,117.37
2022-02-23,1482445,994452,487993,4.0,72.0,117.49
2022-02-24,1320046,1047522,272524,4.0,72.0,117.96
2022-02-25,1732146,961456,770690,4.0,72.0,116.37
2022-02-26,0,0,0,4.0,72.0,117.25
2022-02-27,0,0,0,4.0,72.0,117.13
2022-02-28,2195547,1097809,1097738,4.0,72.0,118.03
2022-03-01,1603046,1180189,422857,4.0,72.0,117.27
2022-03-02,1845470,1082470,763000,4.0,72.0,117.51
2022-03-03,1573806,1134894,438912,4.0,72.0,117.52
2022-03-04,1497358,1128898,368460,4.0,72.0,117.35
2022-03-05,0,0,0,4.0,72.0,117.34
2022-03-06,0,0,0,4.0,72.26,117.32
2022-03-07,1611661,1259707,351954,4.0,72.0,117.36
2022-03-08,1549573,1314169,235404,4.0,72.0,117.03
2022-03-09,1736770,1203390,533380,4.0,72.0,117.77
2022-03-10,1669816,1149264,520552,4.0,72.17,117.53
2022-03-11,1414183,1153273,260910,4.0,72.0,117.18
2022-03-12,0,0,0,4.0,72.0,116.4
2022-03-13,0,0,0,4.0,72.39,117.71
2022-03-14,2093922,1125579,968343,4.0,73.46,117.94
2022-03-15,1634859,1095564,539295,4.0,72.0,117.39
2022-03-16,1626608,1307539,319069,4.0,72.24,117.23
2022-03-17,1572465,1206756,365709,4.0,72.0,117.65
2022-03-18,1386021,1144044,241977,4.0,72.56,117.44
2022-03-19,0,0,0,4.0,72.65,117.32
2022-03-20,0,0,0,4.0,72.0,117.85
2022-03-21,1917907,1089388,828519,4.0,72.0,117.26
2022-03-22,1492279,955250,537029,4.0,72.0,118.05
2022-03-23,1662455,999116,663339,4.0,72.87,116.51
2022-03-24,1798482,1048875,749607,4.0,72.76,117.58
2022-03-25,1395085,1575507,-180422,4.0,72.88,117.93
2022-03-26,0,0,0,4.0,72.98,117.25
2022-03-27,0,0,0,4.0,73.6,116.83
2022-03-28,1940345,1686390,253955,4.0,74.06,117.62
2022-03-29,1886842,1576412,310430,4.0,73.04,117.48
2022-03-30,2483663,1552080,931583,4.0,73.99,117.98
2022-03-31,2043347,1594510,448837,4.0,74.58,117.92
2022-04-01,1763278,1204951,558327,4.0,72.19,117.45
2022-04-02,0,0,0,4.0,74.13,117.54
2022-04-03,0,0,0,4.0,75.29,118.02
2022-04-04,2094926,1328807,766119,4.0,72.88,117.27
2022-04-05,2026453,1414771,611682,4.0,74.59,117.02
2022-04-06,1751697,1425834,325863,4.0,74.03,118.0
2022-04-07,1989144,1409376,579768,4.0,74.6,117.88
2022-04-08,2010868,1489075,521793,4.0,74.32,117.91
2022-04-09,0,0,0,4.0,73.81,117.96
2022-04-10,0,0,0,4.0,74.4,117.25
2022-04-11,2091037,1516512,574525,4.0,74.52,117.69
2022-04-12,2076683,1219862,856821,4.0,75.77,117.43
2022-04-13,1834485,1300315,534170,4.0,75.17,117.66
2022-04-14,1928635,1464622,464013,4.0,77.33,117.79
2022-04-15,1776583,1431929,344654,4.0,76.05,117.58
2022-04-16,0,0,0,4.0,75.92,117.4
2022-04-17,0,0,0,4.0,76.68,117.76
2022-04-18,1960224,1254416,705808,4.0,75.71,118.06
2022-04-19,1937101,1349385,587716,4.0,76.74,118.21
2022-04-20,1737085,1371968,365117,4.0,74.15,118.06
2022-04-21,1999367,1332211,667156,4.0,76.39,118.16
2022-04-22,1694263,1299873,394390,4.0,76.11,117.89
2022-04-23,0,0,0,4.0,77.25,117.81
2022-04-24,0,0,0,4.0,76.5,118.36
2022-04-25,2543636,1206145,1337491,4.0,76.59,117.48
2022-04-26,2526756,1190917,1335839,4.0,77.14,117.06
2022-04-27,2346083,1279684,1066399,4.0,77.76,118.4
2022-04-28,2700584,1096886,1603698,4.0,78.06,117.76
2022-04-29,2453556,1309115,1144441,4.0,78.13,117.53
2022-04-30,0,0,0,4.0,78.82,117.41
2022-05-01,0,0,0,4.0,78.27,117.66
2022-05-02,2994420,1343643,1650777,4.01,77.94,117.76
2022-05-03,2377528,1549033,828495,4.03,78.78,117.95
2022-05-04,2053235,1550739,502496,4.04,77.9,118.43
2022-05-05,2136272,1616155,520117,4.06,79.09,117.96
2022-05-06,1930458,1741406,189052,4.07,79.14,117.66
2022-05-07,0,0,0,4.08,79.11,118.15
2022-05-08,0,0,0,4.1,79.7,117.8
2022-05-09,2731185,1827767,903418,4.11,78.73,118.13
2022-05-10,2490768,1694951,795817,4.13,79.07,117.93
2022-05-11,2135665,1524157,611508,4.14,78.54,118.29
2022-05-12,2395938,1461142,934796,4.15,79.35,117.89
2022-05-13,2185791,1533038,652753,4.17,79.29,118.44
2022-05-14,0,0,0,4.18,78.77,117.81
2022-05-15,0,0,0,4.2,79.94,118.38
2022-05-16,2441488,1661944,779544,4.21,80.38,117.95
2022-05-17,2314145,1530096,784049,4.22,79.98,118.84
2022-05-18,2486964,1493183,993781,4.24,80.31,117.61
2022-05-19,2306695,1433627,873068,4.25,79.59,118.39
2022-05-20,2485908,1471294,1014614,4.27,78.41,118.84
2022-05-21,0,0,0,4.28,81.64,118.27
2022-05-22,0,0,0,4.29,79.28,117.27
2022-05-23,2765337,1354071,1411266,4.31,79.55,118.43
2022-05-24,2754027,1331244,1422783,4.32,80.33,118.22
2022-05-25,3357415,1445671,1911744,4.34,80.94,117.82
2022-05-26,2708105,1425190,1282915,4.35,80.98,118.4
2022-05-27,2974720,1597111,1377609,4.36,80.74,117.75
2022-05-28,0,0,0,4.38,81.42,118.06
2022-05-29,0,0,0,4.39,80.6,117.65
2022-05-30,3290230,1583032,1707198,4.41,80.68,117.36
2022-05-31,3448293,1466326,1981967,4.42,80.67,118.17
2022-06-01,2666831,1804768,862063,4.43,82.36,117.95
2022-06-02,2351132,1829724,521408,4.45,79.83,118.96
2022-06-03,2197594,1762540,435054,4.46,80.04,117.58
2022-06-04,0,0,0,4.48,81.06,117.95
2022-06-05,0,0,0,4.49,79.68,118.14
2022-06-06,2549413,1767272,782141,4.5,80.8,117.89
2022-06-07,2307983,1871715,436268,4.52,79.85,118.44
2022-06-08,2324705,1822759,501946,4.53,81.21,118.52
2022-06-09,2786847,1807479,979368,4.55,80.86,118.14
2022-06-10,2492726,1993687,499039,4.56,80.68,117.96
2022-06-11,0,0,0,4.57,81.73,118.34
2022-06-12,0,0,0,4.59,82.23,118.23
2022-06-13,2595847,1902673,693174,4.6,81.49,118.05
2022-06-14,2700554,1848814,851740,4.62,81.79,118.47
2022-06-15,2689024,1874455,814569,4.63,81.17,118.53
2022-06-16,2114826,1687175,427651,4.64,82.34,118.16
2022-06-17,2287210,1735438,551772,4.66,81.55,119.23
2022-06-18,0,0,0,4.67,81.42,117.6
2022-06-19,0,0,0,4.69,81.07,117.85
2022-06-20,2486283,1693910,792373,4.7,81.54,118.83
2022-06-21,2569548,1657619,911929,4.71,81.73,118.16
2022-06-22,3005952,1548665,1457287,4.73,82.59,118.37
2022-06-23,2755309,1527150,1228159,4.74,83.58,118.78
2022-06-24,2688103,1617751,1070352,4.76,81.35,117.91
2022-06-25,0,0,0,4.77,82.02,118.41
2022-06-26,0,0,0,4.78,82.14,118.42
2022-06-27,3352011,2328268,1023743,4.8,80.93,118.2
2022-06-28,2859155,2443902,415253,4.81,82.1,118.48
2022-06-29,3452495,2426759,1025736,4.83,82.61,118.47
2022-06-30,3748526,2516358,1232168,4.84,82.81,118.44
2022-07-01,2465820,1731908,733912,4.85,82.32,117.88
2022-07-02,0,0,0,4.87,82.27,118.74
2022-07-03,0,0,0,4.88,82.22,118.31
2022-07-04,3390101,1766206,1623895,4.9,81.23,118.32
2022-07-05,3045150,1731733,1313417,4.91,81.25,118.01
2022-07-06,3118326,2064239,1054087,4.92,81.44,118.59
2022-07-07,3070241,1910174,1160067,4.94,81.22,118.45
2022-07-08,2564221,1944717,619504,4.95,82.35,118.38
2022-07-09,0,0,0,4.97,79.98,118.13
2022-07-10,0,0,0,4.98,83.38,118.74
2022-07-11,2717565,2268596,448969,4.99,83.0,118.59
2022-07-12,2905753,2147146,758607,5.01,80.86,118.1
2022-07-13,2641261,1658907,982354,5.02,81.9,118.13
2022-07-14,2527352,2063583,463769,5.04,81.06,118.34
2022-07-15,2789217,1832206,957011,5.05,82.5,118.19
2022-07-16,0,0,0,5.06,81.03,117.89
2022-07-17,0,0,0,5.08,81.96,118.04
2022-07-18,3028023,1708102,1319921,5.09,81.59,118.39
2022-07-19,2829750,1763507,1066243,5.11,81.74,119.19
2022-07-20,2607770,1825935,781835,5.12,81.42,118.79
2022-07-21,2441605,1871321,570284,5.13,80.73,118.41
2022-07-22,3023366,1736538,1286828,5.15,82.69,118.29
2022-07-23,0,0,0,5.16,81.37,118.48
2022-07-24,0,0,0,5.18,81.93,118.01
2022-07-25,3710010,1680479,2029531,5.19,82.56,119.37
2022-07-26,2986816,1781006,1205810,5.2,82.36,118.64
2022-07-27,3455622,1887222,1568400,5.22,80.96,118.43
2022-07-28,4270758,1823706,2447052,5.23,80.99,118.1
2022-07-29,3712400,1993819,1718581,5.25,81.03,118.7
2022-07-30,0,0,0,5.26,79.77,118.24
2022-07-31,0,0,0,5.27,81.42,119.04
2022-08-01,2622377,1992446,629931,5.29,80.89,118.72
2022-08-02,2775516,1896978,878538,5.3,80.59,118.28
2022-08-03,2984455,1892766,1091689,5.32,80.41,119.09
2022-08-04,3069562,2059480,1010082,5.33,79.7,118.66
2022-08-05,2328221,2133263,194958,5.34,80.18,118.48
2022-08-06,0,0,0,5.36,79.66,118.73
2022-08-07,0,0,0,5.37,80.62,118.84
2022-08-08,3040825,2045385,995440,5.39,80.08,118.65
2022-08-09,2931842,1947580,984262,5.4,80.2,118.15
2022-08-10,2874699,2109360,765339,5.41,79.19,118.74
2022-08-11,3054705,1927194,1127511,5.43,79.32,118.29
2022-08-12,2679705,1752360,927345,5.44,79.57,118.15
2022-08-13,0,0,0,5.46,81.3,118.2
2022-08-14,0,0,0,5.47,78.46,118.83
2022-08-15,3133835,1862185,1271650,5.48,77.31,119.31
2022-08-16,2894199,1808196,1086003,5.5,78.14,118.24
2022-08-17,2754300,1670770,1083530,5.51,79.36,118.41
2022-08-18,2633880,2016501,617379,5.53,81.45,118.09
2022-08-19,3073387,1906505,1166882,5.54,79.31,118.3
2022-08-20,0,0,0,5.55,78.04,118.57
2022-08-21,0,0,0,5.57,77.82,118.63
2022-08-22,3275044,1723295,1551749,5.58,78.99,118.0
2022-08-23,2758079,1647784,1110295,5.6,79.01,118.44
2022-08-24,3454672,1904381,1550291,5.61,78.9,119.17
2022-08-25,2990683,1809794,1180889,5.62,79.3,118.61
2022-08-26,2505363,1783187,722176,5.64,77.86,119.0
2022-08-27,0,0,0,5.65,77.8,118.83
2022-08-28,0,0,0,5.67,78.28,119.87
2022-08-29,3590133,1847178,1742955,5.68,78.55,118.23
2022-08-30,3614733,2076462,1538271,5.69,77.97,119.24
2022-08-31,3598700,1951020,1647680,5.71,78.44,118.7
2022-09-01,2720536,1863950,856586,5.72,79.68,118.47
2022-09-02,2197016,1852983,344033,5.74,77.14,119.29
2022-09-03,0,0,0,5.75,76.43,119.37
2022-09-04,0,0,0,5.76,78.38,118.41
2022-09-05,2604140,1930166,673974,5.78,78.52,119.0
2022-09-06,3043497,1983799,1059698,5.79,77.06,118.06
2022-09-07,2256530,1767284,489246,5.81,77.71,118.87
2022-09-08,2655414,1921632,733782,5.82,78.04,118.8
2022-09-09,2371347,1705484,665863,5.83,76.84,119.26
2022-09-10,0,0,0,5.85,74.9,119.1
2022-09-11,0,0,0,5.86,76.05,118.52
2022-09-12,2772818,1883457,889361,5.88,76.43,118.83
2022-09-13,3007371,1906803,1100568,5.89,76.48,119.57
2022-09-14,2521189,2102527,418662,5.9,75.86,118.12
2022-09-15,2387826,1895711,492115,5.92,75.59,119.08
2022-09-16,2440954,1673266,767688,5.93,74.99,118.2
2022-09-17,0,0,0,5.95,76.13,118.64
2022-09-18,0,0,0,5.96,75.22,118.77
2022-09-19,2800061,1815184,984877,5.97,74.94,118.32
2022-09-20,2425726,1595183,830543,5.99,75.73,119.03
2022-09-21,2529027,1791018,738009,6.0,75.47,119.22
2022-09-22,2603969,1632238,971731,6.02,75.7,118.32
2022-09-23,2498556,1704471,794085,6.03,73.52,119.33
2022-09-24,0,0,0,6.04,75.05,119.11
2022-09-25,0,0,0,6.06,74.59,118.5
2022-09-26,3342235,2519106,823129,6.07,74.78,119.13
2022-09-27,3667658,2543296,1124362,6.09,72.67,119.07
2022-09-28,3408491,2571117,837374,6.1,75.6,118.82
2022-09-29,2924219,2449199,475020,6.11,72.85,118.94
2022-09-30,3254724,2721146,533578,6.13,73.98,119.3
2022-10-01,0,0,0,6.14,73.68,118.9
2022-10-02,0,0,0,6.16,72.85,119.44
2022-10-03,2537172,1622244,914928,6.17,73.24,118.67
2022-10-04,2229282,1804900,424382,6.18,73.73,118.7
2022-10-05,2326689,1773163,553526,6.2,72.0,118.66
2022-10-06,2376954,1909785,467169,6.21,74.47,119.15
2022-10-07,2170544,1738246,432298,6.23,72.08,119.08
2022-10-08,0,0,0,6.24,73.29,118.71
2022-10-09,0,0,0,6.25,73.81,119.06
2022-10-10,2417302,1528515,888787,6.27,72.61,118.89
2022-10-11,2405163,1863293,541870,6.28,73.54,118.92
2022-10-12,2362275,1862351,499924,6.3,72.0,119.31
2022-10-13,2144295,1788801,355494,6.31,72.0,118.55
2022-10-14,1936902,1843855,93047,6.32,72.0,118.59
2022-10-15,0,0,0,6.34,72.34,119.64
2022-10-16,0,0,0,6.35,72.0,119.3
2022-10-17,2458963,1681900,777063,6.37,72.75,118.66
2022-10-18,2412181,1467949,944232,6.38,72.0,119.29
2022-10-19,2121167,1527529,593638,6.39,72.58,119.29
2022-10-20,1952580,1560770,391810,6.41,72.0,119.3
2022-10-21,2183425,1596945,586480,6.42,72.0,119.28
2022-10-22,0,0,0,6.44,72.0,119.28
2022-10-23,0,0,0,6.45,72.0,119.18
2022-10-24,2789658,1513629,1276029,6.46,72.0,118.76
2022-10-25,2548359,1508526,1039833,6.48,72.0,119.28
2022-10-26,2301178,1692708,608470,6.49,72.0,118.88
2022-10-27,2542494,1452800,1089694,6.51,72.0,119.54
2022-10-28,2837270,1710509,1126761,6.52,72.0,119.47
2022-10-29,0,0,0,6.53,72.0,118.61
2022-10-30,0,0,0,6.55,72.0,119.35
2022-10-31,3250483,1813512,1436971,6.56,72.0,119.38
2022-11-01,1841434,1516371,325063,6.58,72.0,119.48
2022-11-02,1862267,1556648,305619,6.59,72.0,119.19
2022-11-03,2142376,1433888,708488,6.6,72.0,119.45
2022-11-04,1914916,1474560,440356,6.62,72.0,118.96
2022-11-05,0,0,0,6.63,72.0,119.46
2022-11-06,0,0,0,6.65,72.0,119.43
2022-11-07,2164670,1431649,733021,6.66,72.0,118.7
2022-11-08,1985811,1596435,389376,6.67,72.0,119.49
2022-11-09,2038755,1540497,498258,6.69,72.0,119.04
2022-11-10,1955798,1530669,425129,6.7,72.0,118.96
2022-11-11,2085630,1495070,590560,6.72,72.0,118.95
2022-11-12,0,0,0,6.73,72.0,118.83
2022-11-13,0,0,0,6.74,72.0,119.1
2022-11-14,1958980,1605430,353550,6.76,72.0,119.9
2022-11-15,2150779,1479395,671384,6.77,72.0,119.65
2022-11-16,2046314,1428998,617316,6.79,72.0,119.4
2022-11-17,2088969,1590268,498701,6.8,72.0,118.87
2022-11-18,1857054,1354304,502750,6.81,72.0,119.87
2022-11-19,0,0,0,6.83,72.0,119.03
2022-11-20,0,0,0,6.84,72.0,118.79
2022-11-21,2096651,1220731,875920,6.86,72.0,118.94
2022-11-22,2005695,1481445,524250,6.87,72.0,119.44
2022-11-23,1611146,1402581,208565,6.88,72.0,119.09
2022-11-24,2502093,1473004,1029089,6.9,72.0,119.48
2022-11-25,2342116,1310500,1031616,6.91,72.0,120.28
2022-11-26,0,0,0,6.93,72.0,119.36
2022-11-27,0,0,0,6.94,72.0,120.1
2022-11-28,2890895,1342527,1548368,6.95,72.0,118.54
2022-11-29,3261015,1465888,1795127,6.97,72.0,118.92
2022-11-30,2435501,1508794,926707,6.98,72.0,119.7
2022-12-01,1815847,1259375,556472,7.0,72.0,119.65
2022-12-02,1432281,1245628,186653,7.01,72.0,119.19
2022-12-03,0,0,0,7.02,72.0,119.07
2022-12-04,0,0,0,7.04,72.0,119.12
2022-12-05,1801985,1411792,390193,7.05,72.0,119.73
2022-12-06,1685282,1341350,343932,7.07,72.0,119.93
2022-12-07,1532963,1590222,-57259,7.08,72.0,119.12
2022-12-08,1490716,1186135,304581,7.09,72.0,119.17
2022-12-09,1790048,1491677,298371,7.11,72.0,119.73
2022-12-10,0,0,0,7.12,72.0,120.25
2022-12-11,0,0,0,7.14,72.0,119.74
2022-12-12,2076871,1322009,754862,7.15,72.0,119.72
2022-12-13,1889541,1375040,514501,7.16,72.0,119.34
2022-12-14,1401586,1307070,94516,7.18,72.0,119.35
2022-12-15,1517436,1199307,318129,7.19,72.0,119.41
2022-12-16,1488772,1291797,196975,7.21,72.0,120.02
2022-12-17,0,0,0,7.22,72.0,119.62
2022-12-18,0,0,0,7.23,72.0,120.21
2022-12-19,1899509,1212548,686961,7.25,72.0,119.27
2022-12-20,1834421,1190739,643682,7.26,72.0,119.76
2022-12-21,1899305,1172956,726349,7.28,72.0,119.05
2022-12-22,1498632,1196611,302021,7.29,72.0,119.53
2022-12-23,1710181,1251972,458209,7.3,72.0,119.51
2022-12-24,0,0,0,7.32,72.0,119.78
2022-12-25,0,0,0,7.33,72.0,119.31
2022-12-26,1950997,1713754,237243,7.35,72.0,119.34
2022-12-27,2186087,1795358,390729,7.36,72.0,119.63
2022-12-28,2310203,1793481,516722,7.37,72.0,120.37
2022-12-29,2193000,1800218,392782,7.39,72.0,120.08
2022-12-30,2096222,1777148,319074,7.4,72.0,119.18
2022-12-31,0,0,0,7.42,72.0,119.63
2023-01-01,0,0,0,7.43,72.0,120.44
2023-01-02,1784294,1232774,551520,7.44,72.0,118.6
2023-01-03,1534734,1123603,411131,7.46,72.0,119.12
2023-01-04,1298520,1207526,90994,7.47,72.0,119.89
2023-01-05,1459697,1136984,322713,7.49,72.0,120.19
2023-01-06,1466808,1281088,185720,7.5,72.0,119.35
2023-01-07,0,0,0,7.51,72.0,119.65
2023-01-08,0,0,0,7.53,72.0,119.83
2023-01-09,1639526,1172365,467161,7.54,72.0,119.59
2023-01-10,1639063,1187865,451198,7.56,72.0,119.65
2023-01-11,1535471,1189153,346318,7.57,72.0,119.61
2023-01-12,1489176,1207219,281957,7.58,72.0,119.17
2023-01-13,1651792,1319679,332113,7.6,72.0,119.67
2023-01-14,0,0,0,7.61,72.0,120.27
2023-01-15,0,0,0,7.63,72.0,120.16
2023-01-16,1498953,1060436,438517,7.64,72.0,119.72
2023-01-17,1586495,1110580,475915,7.65,72.0,119.79
2023-01-18,1688846,1102814,586032,7.67,72.0,120.0
2023-01-19,1398602,1017126,381476,7.68,72.0,120.04
2023-01-20,1608556,1073725,534831,7.7,72.0,120.07
2023-01-21,0,0,0,7.71,72.0,119.72
2023-01-22,0,0,0,7.72,72.0,120.07
2023-01-23,1646372,1042538,603834,7.74,72.0,119.58
2023-01-24,1873915,1135497,738418,7.75,72.0,119.75
2023-01-25,1710569,1106116,604453,7.77,72.0,119.82
2023-01-26,1911141,994961,916180,7.78,72.0,119.46
2023-01-27,1930713,1094256,836457,7.79,72.0,119.94
2023-01-28,0,0,0,7.81,72.0,119.81
2023-01-29,0,0,0,7.82,72.0,119.49
2023-01-30,2107748,1037657,1070091,7.84,72.0,119.65
2023-01-31,1979857,1164710,815147,7.85,72.0,120.17
2023-02-01,1681739,1174439,507300,6.5,72.0,119.35
2023-02-02,1519551,1214340,305211,6.5,72.0,120.01
2023-02-03,1333549,1164044,169505,6.5,72.0,120.14
2023-02-04,0,0,0,6.5,72.0,119.48
2023-02-05,0,0,0,6.5,72.0,119.52
2023-02-06,1792311,1161629,630682,6.5,72.0,119.81
2023-02-07,1490174,1257058,233116,6.5,72.0,118.98
2023-02-08,1561584,1087663,473921,6.5,72.0,120.43
2023-02-09,1500320,1203920,296400,6.5,72.0,119.93
2023-02-10,1287036,1237092,49944,6.5,72.0,120.06
2023-02-11,0,0,0,6.5,72.0,119.72
2023-02-12,0,0,0,6.5,72.0,120.62
2023-02-13,1447874,1215213,232661,6.5,72.0,120.52
2023-02-14,1698192,1093761,604431,6.5,72.0,120.17
2023-02-15,1789525,1099316,690209,6.5,72.0,120.63
2023-02-16,1415341,1089410,325931,6.5,72.0,120.13
2023-02-17,1673067,1027500,645567,6.5,72.0,120.07
2023-02-18,0,0,0,6.5,72.0,119.79
2023-02-19,0,0,0,6.5,72.0,120.15
2023-02-20,1659031,1104337,554694,6.5,72.0,120.3
2023-02-21,1623701,1123652,500049,6.5,72.0,120.11
2023-02-22,1800195,1085362,714833,6.5,72.0,119.95
2023-02-23,1420603,1082996,337607,6.5,72.0,119.44
2023-02-24,1995961,1105251,890710,6.5,72.0,120.35
2023-02-25,0,0,0,6.5,72.0,119.88
2023-02-26,0,0,0,6.5,72.0,120.22
2023-02-27,2131447,1136960,994487,6.5,72.0,119.66
2023-02-28,1903219,1204818,698401,6.5,72.0,120.04
2023-03-01,1514421,1381510,132911,6.5,72.0,119.6
2023-03-02,1705470,1321332,384138,6.5,72.0,120.19
2023-03-03,1698903,1412267,286636,6.5,72.0,120.22
2023-03-04,0,0,0,6.5,72.0,120.08
2023-03-05,0,0,0,6.5,72.0,120.68
2023-03-06,1734547,1268041,466506,6.5,72.0,120.54
2023-03-07,1636035,1283468,352567,6.5,72.0,120.21
2023-03-08,1974799,1249536,725263,6.5,72.0,120.49
2023-03-09,1704052,1321363,382689,6.5,72.0,120.33
2023-03-10,1584001,1301900,282101,6.5,72.0,120.24
2023-03-11,0,0,0,6.5,72.0,120.05
2023-03-12,0,0,0,6.5,72.0,120.55
2023-03-13,1813516,1440366,373150,6.5,72.0,120.43
2023-03-14,1896953,1284981,611972,6.5,72.0,120.5
2023-03-15,1694867,1177159,517708,6.5,72.0,120.07
2023-03-16,1716114,1258430,457684,6.5,72.45,119.83
2023-03-17,1486051,1206606,279445,6.5,72.0,119.56
2023-03-18,0,0,0,6.5,73.12,120.35
2023-03-19,0,0,0,6.5,72.31,120.09
2023-03-20,1689655,1347464,342191,6.5,72.0,119.98
2023-03-21,1846022,1151415,694607,6.5,72.19,119.94
2023-03-22,1835128,1131419,703709,6.5,72.0,120.07
2023-03-23,1491798,1140226,351572,6.5,72.31,120.11
2023-03-24,1912027,1314403,597624,6.5,73.11,120.55
2023-03-25,0,0,0,6.5,73.76,120.91
2023-03-26,0,0,0,6.5,73.06,120.34
2023-03-27,2436743,1735661,701082,6.5,72.76,120.15
2023-03-28,2969699,1661573,1308126,6.5,73.13,120.62
2023-03-29,2355757,1732107,623650,6.5,73.68,120.28
2023-03-30,2086309,1761367,324942,6.5,73.92,120.45
2023-03-31,2392203,1761566,630637,6.5,74.75,120.6
2023-04-01,0,0,0,6.5,74.79,121.07
2023-04-02,0,0,0,6.5,73.04,120.59
2023-04-03,2246376,1436224,810152,6.5,73.94,120.15
2023-04-04,1907660,1513305,394355,6.5,74.58,120.04
2023-04-05,1946354,1460470,485884,6.5,75.41,120.4
2023-04-06,1688327,1552459,135868,6.5,74.34,120.0
2023-04-07,2185036,1550757,634279,6.5,74.63,119.05
2023-04-08,0,0,0,6.5,74.86,120.49
2023-04-09,0,0,0,6.5,74.94,120.34
2023-04-10,2255381,1363909,891472,6.5,76.49,119.46
2023-04-11,1930467,1541462,389005,6.5,75.38,120.06
2023-04-12,1858804,1616590,242214,6.5,74.58,120.5
2023-04-13,2052416,1525307,527109,6.5,75.09,119.75
2023-04-14,1999923,1521880,478043,6.5,75.59,120.54
2023-04-15,0,0,0,6.5,76.17,120.34
2023-04-16,0,0,0,6.5,75.5,120.16
2023-04-17,2224070,1354024,870046,6.5,76.15,119.89
2023-04-18,1680320,1456427,223893,6.5,75.27,120.27
2023-04-19,1936970,1469313,467657,6.5,76.54,120.34
2023-04-20,2072866,1602368,470498,6.5,76.46,119.69
2023-04-21,1919050,1333583,585467,6.5,76.01,120.63
2023-04-22,0,0,0,6.5,76.21,120.69
2023-04-23,0,0,0,6.5,76.43,120.77
2023-04-24,2430498,1430299,1000199,6.5,76.6,120.35
2023-04-25,2221760,1409757,812003,6.5,76.57,120.28
2023-04-26,2535510,1515458,1020052,6.5,77.29,120.5
2023-04-27,2853931,1312174,1541757,6.5,77.84,120.6
2023-04-28,2737706,1421226,1316480,6.5,77.75,120.76
2023-04-29,0,0,0,6.5,77.87,120.82
2023-04-30,0,0,0,6.5,77.55,120.42
2023-05-01,2601145,1690700,910445,6.5,77.26,120.49
2023-05-02,2611751,1713158,898593,6.5,78.23,121.28
2023-05-03,2530929,1864816,666113,6.5,78.47,121.27
2023-05-04,2263419,1716421,546998,6.5,79.2,120.53
2023-05-05,2267807,1762170,505637,6.5,77.16,119.7
2023-05-06,0,0,0,6.5,79.51,120.27
2023-05-07,0,0,0,6.5,77.3,120.47
2023-05-08,2624561,1759533,865028,6.5,78.19,120.43
2023-05-09,2260329,1620195,640134,6.5,80.23,121.11
2023-05-10,2622158,1625464,996694,6.5,80.27,120.8
2023-05-11,2075296,1742049,333247,6.5,79.35,119.91
2023-05-12,2440719,1941877,498842,6.5,79.96,120.8
2023-05-13,0,0,0,6.5,79.52,120.1
2023-05-14,0,0,0,6.5,78.33,120.69
2023-05-15,2939551,1793781,1145770,6.5,79.47,120.73
2023-05-16,2776968,1666363,1110605,6.5,79.42,120.51
2023-05-17,2851546,1881546,970000,6.5,80.47,120.65
2023-05-18,3039232,1660517,1378715,6.5,79.67,120.98
2023-05-19,2600314,1663017,937297,6.5,80.68,120.84
2023-05-20,0,0,0,6.5,81.58,120.39
2023-05-21,0,0,0,6.5,80.72,120.63
2023-05-22,2920860,1600759,1320101,6.5,79.84,120.54
2023-05-23,1673823,1644905,28918,6.5,79.88,121.13
2023-05-24,3044721,1610584,1434137,6.5,80.83,120.38
2023-05-25,2542985,1732528,810457,6.5,80.79,120.9
2023-05-26,2627430,1656189,971241,6.5,80.59,119.87
2023-05-27,0,0,0,6.5,81.58,120.94
2023-05-28,0,0,0,6.5,81.63,120.13
2023-05-29,3916249,1669521,2246728,6.5,79.88,120.16
2023-05-30,3060825,1882205,1178620,6.5,81.49,120.39
2023-05-31,3308133,1537655,1770478,6.5,81.63,120.76
2023-06-01,2677043,2131544,545499,6.5,80.6,120.94
2023-06-02,2420653,1995073,425580,6.5,81.69,120.75
2023-06-03,0,0,0,6.5,81.92,120.0
2023-06-04,0,0,0,6.5,80.37,120.39
2023-06-05,3071522,2015660,1055862,6.5,81.27,121.31
2023-06-06,3117380,2092299,1025081,6.5,80.82,121.1
2023-06-07,3142290,2327373,814917,6.5,83.27,120.48
2023-06-08,3095883,2066778,1029105,6.5,81.42,121.04
2023-06-09,2720249,2298695,421554,6.5,80.89,120.96
2023-06-10,0,0,0,6.5,81.89,121.75
2023-06-11,0,0,0,6.5,82.69,120.76
2023-06-12,2891328,2029838,861490,6.5,81.62,121.15
2023-06-13,3156807,2323207,833600,6.5,82.49,120.43
2023-06-14,2817521,1890367,927154,6.5,80.7,120.56
2023-06-15,2522624,1951927,570697,6.5,80.35,121.02
2023-06-16,2919552,2032533,887019,6.5,81.7,121.05
2023-06-17,0,0,0,6.5,81.55,121.07
2023-06-18,0,0,0,6.5,82.38,121.41
2023-06-19,2946758,1656750,1290008,6.5,82.12,120.92
2023-06-20,2453527,1736971,716556,6.5,83.16,121.24
2023-06-21,2497292,2036774,460518,6.5,81.44,120.92
2023-06-22,2428411,1700226,728185,6.5,82.58,121.56
2023-06-23,2643685,1546876,1096809,6.5,82.12,121.54
2023-06-24,0,0,0,6.5,83.08,121.13
2023-06-25,0,0,0,6.5,81.96,120.31
2023-06-26,3924390,2758792,1165598,6.5,83.09,120.49
2023-06-27,3687902,2760528,927374,6.5,82.08,120.97
2023-06-28,4114732,2662477,1452255,6.5,81.68,121.43
2023-06-29,3558856,2953908,604948,6.5,81.7,121.11
2023-06-30,3271480,2376533,894947,6.5,83.18,121.15
2023-07-01,0,0,0,6.5,82.16,121.22
2023-07-02,0,0,0,6.5,82.95,120.55
2023-07-03,3252943,2228646,1024297,6.5,82.93,121.16
2023-07-04,3456665,1998230,1458435,6.5,82.19,121.34
2023-07-05,3158481,2054328,1104153,6.5,82.79,121.2
2023-07-06,2377267,2092570,284697,6.5,82.11,120.58
2023-07-07,2631196,2289332,341864,6.5,82.76,121.26
2023-07-08,0,0,0,6.5,81.98,121.04
2023-07-09,0,0,0,6.5,82.94,120.71
2023-07-10,3437439,2010346,1427093,6.5,83.34,121.53
2023-07-11,3026867,2229793,797074,6.5,81.89,120.92
2023-07-12,3054139,2279441,774698,6.5,81.09,120.79
2023-07-13,3012935,2306365,706570,6.5,81.55,121.23
2023-07-14,2785872,2148013,637859,6.5,82.71,121.06
2023-07-15,0,0,0,6.5,81.22,121.25
2023-07-16,0,0,0,6.5,82.03,121.08
2023-07-17,3072514,2013991,1058523,6.5,80.26,120.82
2023-07-18,3350125,2120299,1229826,6.5,82.14,121.6
2023-07-19,2845048,2050962,794086,6.5,81.09,121.59
2023-07-20,3644813,1816099,1828714,6.5,80.9,121.27
2023-07-21,2757190,2107931,649259,6.5,82.2,121.44
2023-07-22,0,0,0,6.5,82.32,121.24
2023-07-23,0,0,0,6.5,81.7,121.44
2023-07-24,3736878,2111938,1624940,6.5,82.67,121.17
2023-07-25,3217049,2048222,1168827,6.5,82.14,121.31
2023-07-26,2981579,1855912,1125667,6.5,82.13,121.26
2023-07-27,3770787,1887277,1883510,6.5,82.22,121.18
2023-07-28,3240975,1993946,1247029,6.5,80.28,121.32
2023-07-29,0,0,0,6.5,81.78,121.2
2023-07-30,0,0,0,6.5,80.17,121.53
2023-07-31,3603577,2140878,1462699,6.5,80.87,121.38
2023-08-01,3523644,2039825,1483819,6.5,80.2,121.58
2023-08-02,3248153,2184288,1063865,6.5,80.75,121.0
2023-08-03,3400371,2005965,1394406,6.5,80.17,121.09
2023-08-04,2727281,2137090,590191,6.5,80.13,121.25
2023-08-05,0,0,0,6.5,81.91,121.77
2023-08-06,0,0,0,6.5,82.0,121.45
2023-08-07,3393565,2202138,1191427,6.5,79.86,121.21
2023-08-08,2615471,2346710,268761,6.5,81.16,120.82
2023-08-09,2503848,2263997,239851,6.5,80.79,121.34
2023-08-10,2807224,2267117,540107,6.5,79.72,121.14
2023-08-11,2675026,2162689,512337,6.5,81.44,121.07
2023-08-12,0,0,0,6.5,79.81,121.33
2023-08-13,0,0,0,6.5,80.0,121.4
2023-08-14,3196438,2171531,1024907,6.5,80.76,121.43
2023-08-15,3514923,2174616,1340307,6.5,80.18,121.22
2023-08-16,3267588,2167106,1100482,6.5,78.6,121.32
2023-08-17,3276952,2251297,1025655,6.5,79.56,121.57
2023-08-18,2553629,1954453,599176,6.5,80.43,121.73
2023-08-19,0,0,0,6.5,78.75,121.14
2023-08-20,0,0,0,6.5,78.95,121.34
2023-08-21,3439105,2191575,1247530,6.5,78.52,121.58
2023-08-22,2932382,2118445,813937,6.5,78.16,121.91
2023-08-23,3467153,1947524,1519629,6.5,79.09,121.5
2023-08-24,3328831,2021120,1307711,6.5,78.42,121.64
2023-08-25,3657614,1981260,1676354,6.5,78.88,121.22
2023-08-26,0,0,0,6.5,78.49,121.38
2023-08-27,0,0,0,6.5,78.71,122.23
2023-08-28,4787386,1957188,2830198,6.5,78.9,121.46
2023-08-29,3884209,1788678,2095531,6.5,76.47,121.93
2023-08-30,4107155,2105038,2002117,6.5,77.75,121.58
2023-08-31,4251989,2208740,2043249,6.5,77.35,122.05
2023-09-01,2875928,2186433,689495,6.5,77.26,121.29
2023-09-02,0,0,0,6.5,79.02,121.2
2023-09-03,0,0,0,6.5,76.42,121.7
2023-09-04,2808306,2018806,789500,6.5,77.79,121.26
2023-09-05,2887181,2017596,869585,6.5,76.97,121.53
2023-09-06,2826001,1888199,937802,6.5,75.66,121.9
2023-09-07,2322802,2231863,90939,6.5,77.69,121.9
2023-09-08,2538268,2300491,237777,6.5,76.87,121.76
2023-09-09,0,0,0,6.5,75.29,122.39
2023-09-10,0,0,0,6.5,76.6,121.73
2023-09-11,2886195,2064721,821474,6.5,76.41,121.84
2023-09-12,2469916,2103520,366396,6.5,77.63,121.57
2023-09-13,2549994,2114310,435684,6.5,77.23,121.56
2023-09-14,2916346,1960747,955599,6.5,76.7,122.42
2023-09-15,2767066,2067919,699147,6.5,75.88,121.28
2023-09-16,0,0,0,6.5,75.81,122.6
2023-09-17,0,0,0,6.5,76.19,120.85
2023-09-18,2528862,1912594,616268,6.5,75.92,121.37
2023-09-19,2817674,2002051,815623,6.5,74.76,121.22
2023-09-20,2770134,1733660,1036474,6.5,75.17,122.18
2023-09-21,2733950,1809685,924265,6.5,74.86,121.14
2023-09-22,2689898,1861615,828283,6.5,75.27,121.15
2023-09-23,0,0,0,6.5,75.77,121.02
2023-09-24,0,0,0,6.5,75.32,121.58
2023-09-25,3526419,2775136,751283,6.5,73.84,122.21
2023-09-26,3211169,2767508,443661,6.5,74.31,121.07
2023-09-27,3683396,2811864,871532,6.5,74.17,121.28
2023-09-28,3737871,2686400,1051471,6.5,73.13,120.84
2023-09-29,3284890,2757722,527168,6.5,74.09,122.04
2023-09-30,0,0,0,6.5,73.51,121.57
2023-10-01,0,0,0,6.5,73.27,121.84
2023-10-02,2592316,1862670,729646,6.5,72.43,121.19
2023-10-03,2308582,2057928,250654,6.5,73.62,121.63
2023-10-04,2266799,1715432,551367,6.5,72.81,121.22
2023-10-05,2370397,2092919,277478,6.5,72.57,121.71
2023-10-06,2221116,1782154,438962,6.5,73.86,121.54
2023-10-07,0,0,0,6.5,74.12,121.81
2023-10-08,0,0,0,6.5,73.2,122.22
2023-10-09,2769494,2080389,689105,6.5,72.0,121.71
2023-10-10,2864709,1822894,1041815,6.5,74.16,121.02
2023-10-11,2183178,1972176,211002,6.5,72.0,121.75
2023-10-12,2300417,2017076,283341,6.5,72.91,122.58
2023-10-13,1973400,1931518,41882,6.5,72.6,122.13
2023-10-14,0,0,0,6.5,73.24,121.75
2023-10-15,0,0,0,6.5,72.07,121.89
2023-10-16,2964287,1826463,1137824,6.5,72.0,121.97
2023-10-17,2590207,1884196,706011,6.5,72.0,120.99
2023-10-18,2305831,1691080,614751,6.5,72.0,121.85
2023-10-19,2601658,1932732,668926,6.5,72.0,121.42
2023-10-20,2409436,1757247,652189,6.5,72.0,122.45
2023-10-21,0,0,0,6.5,72.0,122.2
2023-10-22,0,0,0,6.5,72.07,121.0
2023-10-23,2541456,1391842,1149614,6.5,72.0,121.6
2023-10-24,3229489,1583063,1646426,6.5,72.0,122.17
2023-10-25,3284408,1874249,1410159,6.5,72.0,122.48
2023-10-26,2774572,1865686,908886,6.5,72.0,121.81
2023-10-27,2988022,1748788,1239234,6.5,72.0,122.08
2023-10-28,0,0,0,6.5,72.0,121.19
2023-10-29,0,0,0,6.5,72.0,121.67
2023-10-30,3401505,1697943,1703562,6.5,72.0,121.06
2023-10-31,3177884,1641966,1535918,6.5,72.0,122.03
2023-11-01,2480250,1405123,1075127,6.5,72.0,121.94
2023-11-02,2298251,1434185,864066,6.5,72.0,121.99
2023-11-03,2131610,1615954,515656,6.5,72.0,122.06
2023-11-04,0,0,0,6.5,72.0,121.32
2023-11-05,0,0,0,6.5,72.0,122.65
2023-11-06,2353510,1639980,713530,6.5,72.0,122.1
2023-11-07,2258648,1684035,574613,6.5,72.0,122.28
2023-11-08,2392844,1644539,748305,6.5,72.0,121.42
2023-11-09,2029559,1855853,173706,6.5,72.0,121.53
2023-11-10,2178236,1632346,545890,6.5,72.0,121.71
2023-11-11,0,0,0,6.5,72.0,121.73
2023-11-12,0,0,0,6.5,72.0,121.83
2023-11-13,2530478,1510660,1019818,6.5,72.0,121.08
2023-11-14,2218331,1525407,692924,6.5,72.0,121.45
2023-11-15,2285237,1551595,733642,6.5,72.0,121.94
2023-11-16,1878303,1612755,265548,6.5,72.0,122.46
2023-11-17,2141419,1671029,470390,6.5,72.0,122.1
2023-11-18,0,0,0,6.5,72.0,121.85
2023-11-19,0,0,0,6.5,72.0,121.61
2023-11-20,2211746,1593325,618421,6.5,72.0,122.58
2023-11-21,2228043,1613047,614996,6.5,72.0,121.79
2023-11-22,2153526,1454568,698958,6.5,72.0,122.42
2023-11-23,2395781,1486074,909707,6.5,72.0,121.52
2023-11-24,2609049,1344771,1264278,6.5,72.0,122.07
2023-11-25,0,0,0,6.5,72.0,121.41
2023-11-26,0,0,0,6.5,72.0,122.33
2023-11-27,3486110,1482298,2003812,6.5,72.0,122.58
2023-11-28,3618749,1645481,1973268,6.5,72.0,122.6
2023-11-29,2859622,1532355,1327267,6.5,72.0,122.69
2023-11-30,3037585,1482911,1554674,6.5,72.0,122.2
2023-12-01,1726522,1344396,382126,6.5,72.0,121.61
2023-12-02,0,0,0,6.5,72.0,121.36
2023-12-03,0,0,0,6.5,72.0,122.12
2023-12-04,2053314,1535284,518030,6.5,72.0,121.69
2023-12-05,1951425,1302722,648703,6.5,72.0,121.44
2023-12-06,2007434,1470496,536938,6.5,72.0,122.93
2023-12-07,1730262,1481351,248911,6.5,72.0,121.87
2023-12-08,1703738,1344442,359296,6.5,72.0,121.87
2023-12-09,0,0,0,6.5,72.0,122.87
2023-12-10,0,0,0,6.5,72.0,122.61
2023-12-11,1702226,1450181,252045,6.5,72.0,122.5
2023-12-12,2228260,1445706,782554,6.5,72.0,122.22
2023-12-13,1863434,1450740,412694,6.5,72.0,122.22
2023-12-14,2110572,1533749,576823,6.5,72.0,122.8
2023-12-15,1446796,1308764,138032,6.5,72.0,121.92
2023-12-16,0,0,0,6.5,72.0,122.14
2023-12-17,0,0,0,6.5,72.0,122.42
2023-12-18,1967070,1378630,588440,6.5,72.0,122.21
2023-12-19,1978918,1343860,635058,6.5,72.0,121.99
2023-12-20,1997313,1471020,526293,6.5,72.0,122.2
2023-12-21,1504456,1313435,191021,6.5,72.0,122.27
2023-12-22,1747101,1380166,366935,6.5,72.0,121.79
2023-12-23,0,0,0,6.5,72.0,122.07
2023-12-24,0,0,0,6.5,72.0,122.83
2023-12-25,2562760,1821742,741018,6.5,72.0,121.28
2023-12-26,2122570,1768105,354465,6.5,72.0,121.45
2023-12-27,2732088,2071771,660317,6.5,72.0,122.28
2023-12-28,2691330,1933848,757482,6.5,72.0,122.09
2023-12-29,2451579,1880998,570581,6.5,72.0,122.33
2023-12-30,0,0,0,6.5,72.0,122.54
2023-12-31,0,0,0,6.5,72.0,121.8
2024-01-01,1762518,1309914,452604,6.5,72.0,122.37
2024-01-02,1842007,1329231,512776,6.5,72.0,122.87
2024-01-03,1679371,1182759,496612,6.5,72.0,122.19
2024-01-04,1738959,1441340,297619,6.5,72.0,122.46
2024-01-05,1547502,1242937,304565,6.5,72.0,122.02
2024-01-06,0,0,0,6.5,72.0,122.77
2024-01-07,0,0,0,6.5,72.0,122.62
2024-01-08,1798819,1375731,423088,6.5,72.0,122.7
2024-01-09,1693016,1208001,485015,6.5,72.0,122.19
2024-01-10,1743654,1236717,506937,6.5,72.0,121.65
2024-01-11,1516872,1394532,122340,6.5,72.0,121.85
2024-01-12,1427712,1363654,64058,6.5,72.0,122.85
2024-01-13,0,0,0,6.5,72.0,122.33
2024-01-14,0,0,0,6.5,72.0,123.09
2024-01-15,1604416,1151577,452839,6.5,72.0,121.76
2024-01-16,1713781,1215938,497843,6.5,72.0,121.79
2024-01-17,1677016,1227210,449806,6.5,72.0,122.29
2024-01-18,1904695,1301055,603640,6.5,72.0,123.19
2024-01-19,1507236,1313638,193598,6.5,72.0,123.05
2024-01-20,0,0,0,6.5,72.0,122.98
2024-01-21,0,0,0,6.5,72.0,122.59
2024-01-22,1607793,1236825,370968,6.5,72.0,122.28
2024-01-23,1550980,1203080,347900,6.5,72.0,122.32
2024-01-24,1968378,1178517,789861,6.5,72.0,122.83
2024-01-25,2088565,1168678,919887,6.5,72.0,122.16
2024-01-26,2094966,1228568,866398,6.5,72.0,122.48
2024-01-27,0,0,0,6.5,72.0,122.94
2024-01-28,0,0,0,6.5,72.0,122.85
2024-01-29,2483314,1161312,1322002,6.5,72.0,122.14
2024-01-30,2544556,1235205,1309351,6.5,72.0,122.6
2024-01-31,2195852,1404240,791612,6.5,72.0,123.08
2024-02-01,1979009,1117085,861924,6.5,72.0,122.64
2024-02-02,1646573,1275581,370992,6.5,72.0,122.27
2024-02-03,0,0,0,6.5,72.0,122.86
2024-02-04,0,0,0,6.5,72.0,122.71
2024-02-05,1873668,1252504,621164,6.5,72.0,122.75
2024-02-06,1985897,1324662,661235,6.5,72.0,122.94
2024-02-07,1651131,1387236,263895,6.5,72.0,122.39
2024-02-08,1571803,1209565,362238,6.5,72.0,122.76
2024-02-09,1527558,1496677,30881,6.5,72.0,122.76
2024-02-10,0,0,0,6.5,72.0,122.83
2024-02-11,0,0,0,6.5,72.0,121.81
2024-02-12,2093305,1360504,732801,6.5,72.0,122.78
2024-02-13,1760885,1153925,606960,6.5,72.0,122.88
2024-02-14,1352853,1348651,4202,6.5,72.0,121.71
2024-02-15,1608061,1231952,376109,6.5,72.0,122.43
2024-02-16,1664512,1397719,266793,6.5,72.0,123.07
2024-02-17,0,0,0,6.5,72.0,122.67
2024-02-18,0,0,0,6.5,72.0,123.03
2024-02-19,1897093,1177638,719455,6.5,72.0,122.81
2024-02-20,1750645,1348901,401744,6.5,72.0,123.32
2024-02-21,1751391,1289515,461876,6.5,72.0,123.09
2024-02-22,1410599,1028797,381802,6.5,72.0,122.69
2024-02-23,1369170,1264246,104924,6.5,72.0,122.65
2024-02-24,0,0,0,6.5,72.0,123.0
2024-02-25,0,0,0,6.5,72.0,122.98
2024-02-26,1916374,1203559,712815,6.5,72.0,121.99
2024-02-27,2459889,1222626,1237263,6.5,72.0,122.08
2024-02-28,2116903,1202044,914859,6.5,72.0,122.26
2024-02-29,2343088,1088036,1255052,6.5,72.0,123.54
2024-03-01,1862044,1431955,430089,6.5,72.0,122.63
2024-03-02,0,0,0,6.5,72.0,122.86
2024-03-03,0,0,0,6.5,72.0,123.16
2024-03-04,2278923,1361002,917921,6.5,72.0,122.64
2024-03-05,1988817,1569740,419077,6.5,72.0,122.76
2024-03-06,1997747,1672292,325455,6.5,72.0,123.74
2024-03-07,1596574,1338837,257737,6.5,72.0,122.89
2024-03-08,1809534,1396043,413491,6.5,72.0,123.05
2024-03-09,0,0,0,6.5,72.0,123.29
2024-03-10,0,0,0,6.5,72.0,123.66
2024-03-11,1857145,1803410,53735,6.5,72.0,121.9
2024-03-12,1949355,1420666,528689,6.5,72.0,123.46
2024-03-13,1974379,1488802,485577,6.5,72.0,122.77
2024-03-14,2030152,1442988,587164,6.5,72.0,122.69
2024-03-15,1969076,1347391,621685,6.5,72.22,123.81
2024-03-16,0,0,0,6.5,73.58,122.67
2024-03-17,0,0,0,6.5,72.28,122.97
2024-03-18,2090571,1318910,771661,6.5,72.0,122.71
2024-03-19,2201296,1408236,793060,6.5,73.53,122.78
2024-03-20,1569079,1279665,289414,6.5,72.0,122.77
2024-03-21,1625045,1312126,312919,6.5,72.0,123.41
2024-03-22,1709672,1345599,364073,6.5,72.0,123.67
2024-03-23,0,0,0,6.5,73.8,123.02
2024-03-24,0,0,0,6.5,74.41,123.44
2024-03-25,2509692,1944652,565040,6.5,73.37,122.6
2024-03-26,2293911,1939350,354561,6.5,73.99,122.61
2024-03-27,2370651,1918341,452310,6.5,74.07,123.2
2024-03-28,2754520,1914253,840267,6.5,73.5,122.96
2024-03-29,2069094,1945763,123331,6.5,72.33,122.81
2024-03-30,0,0,0,6.5,74.22,123.19
2024-03-31,0,0,0,6.5,74.63,122.68
